{
  "n_samples": 2936,
  "n_passes": 200,
  "nominal_ci": 0.95,
  "empirical_coverage": 0.20572207084468666,
  "mean_band_width_log_return": 0.006914384197443724,
  "coverage_gap": -0.7442779291553133,
  "well_calibrated": false,
  "bin_analysis": {
    "mean_width": [
      0.004468691535294056,
      0.00490933982655406,
      0.0052566006779670715,
      0.005676605738699436,
      0.006158134434372187,
      0.006992921233177185,
      0.007646640297025442,
      0.008228030055761337,
      0.008935307152569294,
      0.010560484603047371
    ],
    "coverage": [
      0.11604095563139932,
      0.11604095563139932,
      0.14675767918088736,
      0.2150170648464164,
      0.21843003412969283,
      0.20136518771331058,
      0.26621160409556316,
      0.2832764505119454,
      0.25597269624573377,
      0.2354948805460751
    ]
  }
}