{
  "config": {
    "window": 10,
    "n_tickers": 8,
    "feature_cols": [
      "log_return",
      "Volume"
    ],
    "signal_threshold_frac": 0.5,
    "transaction_cost_bps": 5.0
  },
  "metrics": {
    "LSTM": {
      "mae": 0.014439802728228536,
      "rmse": 0.021350366996739697,
      "directional_acc": 0.5051124744376279,
      "n_directional": 2934,
      "n_correct": 1482,
      "binom_p_value": 0.5923896788591807
    },
    "GRU": {
      "mae": 0.01434166127253029,
      "rmse": 0.021280371813642823,
      "directional_acc": 0.5037491479209271,
      "n_directional": 2934,
      "n_correct": 1478,
      "binom_p_value": 0.6982493196179679
    },
    "persistence": {
      "mae": 0.020542452955490755,
      "rmse": 0.030128813213740883,
      "directional_acc": 0.5030674846625767,
      "n_directional": 2934,
      "n_correct": 1476,
      "binom_p_value": 0.7536428670199362
    },
    "linreg": {
      "mae": 0.0144643061473372,
      "rmse": 0.02140237672646726,
      "directional_acc": 0.49897750511247446,
      "n_directional": 2934,
      "n_correct": 1464,
      "binom_p_value": 0.9264552959848241
    }
  },
  "per_ticker_rmse": {
    "AAPL": {
      "lstm_rmse": 0.01873200200498104,
      "gru_rmse": 0.018593961372971535,
      "n": 367
    },
    "AMZN": {
      "lstm_rmse": 0.020968515425920486,
      "gru_rmse": 0.0208415649831295,
      "n": 367
    },
    "JNJ": {
      "lstm_rmse": 0.012051431462168694,
      "gru_rmse": 0.012250450439751148,
      "n": 367
    },
    "JPM": {
      "lstm_rmse": 0.016113517805933952,
      "gru_rmse": 0.0156848207116127,
      "n": 367
    },
    "META": {
      "lstm_rmse": 0.024424079805612564,
      "gru_rmse": 0.024353886023163795,
      "n": 367
    },
    "MSFT": {
      "lstm_rmse": 0.0176155436784029,
      "gru_rmse": 0.017276214435696602,
      "n": 367
    },
    "TSLA": {
      "lstm_rmse": 0.035769540816545486,
      "gru_rmse": 0.03591223061084747,
      "n": 367
    },
    "XOM": {
      "lstm_rmse": 0.016277387738227844,
      "gru_rmse": 0.016290266066789627,
      "n": 367
    }
  },
  "mc_dropout": {
    "tickers": [
      "AAPL",
      "AMZN",
      "JNJ",
      "JPM",
      "META",
      "MSFT",
      "TSLA",
      "XOM"
    ],
    "mean": [
      0.00022040771727915853,
      0.005297671537846327,
      0.0021791942417621613,
      -0.002255295868963003,
      0.001872628927230835,
      0.0033528455533087254,
      0.0014047067379578948,
      -0.00029603057191707194
    ],
    "lower": [
      -0.004054097458720207,
      0.0017805113457143307,
      -0.0008171431254595518,
      -0.005837569013237953,
      -0.0008031378965824842,
      0.00014416174963116646,
      -0.000985346850939095,
      -0.004843776114284992
    ],
    "upper": [
      0.004494912922382355,
      0.00881483219563961,
      0.005175531841814518,
      0.0013269770424813032,
      0.004548395983874798,
      0.006561529356986284,
      0.0037947604432702065,
      0.004251714795827866
    ],
    "std": [
      0.002180869923904538,
      0.0017944694263860583,
      0.0015287435380741954,
      0.0018276901682838798,
      0.0013651871122419834,
      0.001637083594687283,
      0.0012194151058793068,
      0.002320278203114867
    ],
    "actual": [
      -0.008367236703634262,
      -0.0022679860703647137,
      0.0006228540441952646,
      0.0021721217781305313,
      0.006939044687896967,
      0.0018049085047096014,
      0.039008449763059616,
      0.005339013412594795
    ]
  },
  "shariah_illustration": {
    "shariah": {
      "tickers": [
        "AAPL",
        "META"
      ],
      "mean_return": 0.0001398964086547494,
      "volatility_annual": 0.34527044745316265,
      "lstm_rmse": 0.02176492102444172,
      "directional_acc": 0.5163487738419619,
      "n": 734
    },
    "conventional": {
      "tickers": [
        "JPM"
      ],
      "mean_return": 0.0009661419899202883,
      "volatility_annual": 0.24712115507770296,
      "lstm_rmse": 0.016113517805933952,
      "directional_acc": 0.4371584699453552,
      "n": 367
    },
    "note": "Illustrative two-stock example (AAPL/META vs JPM); NOT a statistically powered comparison."
  },
  "var": {
    "AAPL": {
      "var_95": 0.031588122248649576,
      "mean_rolling_vol": 0.01690028011199592
    },
    "AMZN": {
      "var_95": 0.031104664877057073,
      "mean_rolling_vol": 0.019830395173465586
    },
    "JNJ": {
      "var_95": 0.017286803014576434,
      "mean_rolling_vol": 0.011260301515098409
    },
    "JPM": {
      "var_95": 0.023606468923389908,
      "mean_rolling_vol": 0.014720908774885732
    },
    "META": {
      "var_95": 0.03389630913734435,
      "mean_rolling_vol": 0.022592698603338943
    },
    "MSFT": {
      "var_95": 0.026621169038116916,
      "mean_rolling_vol": 0.015729847258184926
    },
    "TSLA": {
      "var_95": 0.053017633780837056,
      "mean_rolling_vol": 0.03370744562390214
    },
    "XOM": {
      "var_95": 0.02688749358057975,
      "mean_rolling_vol": 0.015718688906693028
    }
  },
  "backtest_per_ticker": {
    "AAPL": {
      "cum_strat": -0.022376238214719568,
      "cum_bh": 0.16530632972717285,
      "sharpe_strat": -0.03276353987742148,
      "sharpe_bh": 0.49826875172892443,
      "frac_long": 0.010899182561307902,
      "n_trades": 2,
      "cost_drag": 0.001,
      "threshold": 0.009482053054049599
    },
    "AMZN": {
      "cum_strat": -0.023898674881900894,
      "cum_bh": 0.06145167350769043,
      "sharpe_strat": -1.1745382025288247,
      "sharpe_bh": 0.28857852975852616,
      "frac_long": 0.005449591280653951,
      "n_trades": 4,
      "cost_drag": 0.002,
      "threshold": 0.010428852301149313
    },
    "JNJ": {
      "cum_strat": 0.005560082339757688,
      "cum_bh": 0.6825073957443237,
      "sharpe_strat": 0.14298902017901516,
      "sharpe_bh": 1.9883076064194058,
      "frac_long": 0.021798365122615803,
      "n_trades": 14,
      "cost_drag": 0.007,
      "threshold": 0.005977354454651198
    },
    "JPM": {
      "cum_strat": 0.018773616808891447,
      "cum_bh": 0.4255716800689697,
      "sharpe_strat": 0.8079296579585666,
      "sharpe_bh": 1.1126769526325453,
      "frac_long": 0.0027247956403269754,
      "n_trades": 2,
      "cost_drag": 0.001,
      "threshold": 0.009168505080279863
    },
    "META": {
      "cum_strat": 0.0,
      "cum_bh": -0.049056291580200195,
      "sharpe_strat": 0.0,
      "sharpe_bh": 0.10374867126074544,
      "frac_long": 0.0,
      "n_trades": 0,
      "cost_drag": 0.0,
      "threshold": 0.01271212621448989
    },
    "MSFT": {
      "cum_strat": -0.014294826447635356,
      "cum_bh": -0.10945796966552734,
      "sharpe_strat": -0.3143715977904206,
      "sharpe_bh": -0.15495439857547852,
      "frac_long": 0.013623978201634877,
      "n_trades": 8,
      "cost_drag": 0.004,
      "threshold": 0.008908815733994328
    },
    "TSLA": {
      "cum_strat": 0.0,
      "cum_bh": -0.08172953128814697,
      "sharpe_strat": 0.0,
      "sharpe_bh": 0.18134792962638918,
      "frac_long": 0.0,
      "n_trades": 0,
      "cost_drag": 0.0,
      "threshold": 0.018779639718810855
    },
    "XOM": {
      "cum_strat": -0.014410523634910466,
      "cum_bh": 0.3887571096420288,
      "sharpe_strat": -0.859114341421838,
      "sharpe_bh": 1.0071171396192384,
      "frac_long": 0.0027247956403269754,
      "n_trades": 2,
      "cost_drag": 0.001,
      "threshold": 0.00949956599688474
    }
  },
  "portfolio_backtest": {
    "cum_strat": -0.004571790730696246,
    "cum_bh": 0.2199561595916748,
    "sharpe_strat": -0.1486829857799941,
    "sharpe_bh": 0.774136105886144
  },
  "permutation_importance": {
    "baseline_mse": 0.0004558381624519825,
    "importance": {
      "log_return": 2.5119632482528685e-06,
      "Volume": 2.9982184059917927e-06,
      "ticker_id": -8.499482646584511e-08
    }
  },
  "r2": {
    "LSTM": -0.009430408477783203,
    "GRU": -0.0028227567672729492
  }
}