{
  "trending": {
    "n": 113,
    "fraction_of_test": 0.03848773841961853,
    "directional_acc": 0.5132743362831859,
    "binom_p_value": 0.8508699225134506,
    "rmse": 0.013186294868201597
  },
  "choppy": {
    "n": 2823,
    "fraction_of_test": 0.9615122615803815,
    "directional_acc": 0.5047855370436015,
    "binom_p_value": 0.6244802976601186,
    "rmse": 0.021613064408685493
  },
  "overall": {
    "n": 2936,
    "mae": 0.014439802728010456,
    "rmse": 0.021350366995334435,
    "directional_acc": 0.5051124744376279,
    "n_directional": 2934,
    "n_correct": 1482,
    "binom_p_value": 0.5923896788591824
  }
}