{
  "seed": 42,
  "split": [
    0.7,
    0.15,
    0.15
  ],
  "feature_cols": [
    "log_return",
    "Volume"
  ],
  "config_selection": {
    "candidates": [
      {
        "config": {
          "window": 20,
          "hidden_size": 64,
          "embedding_dim": 8,
          "dropout": 0.2,
          "lr": 0.001,
          "epochs": 30,
          "batch_size": 64,
          "clip_norm": 0.1
        },
        "best_val_loss": 0.00037660163934688225,
        "is_default": true,
        "winner": false
      },
      {
        "config": {
          "window": 30,
          "hidden_size": 64,
          "embedding_dim": 8,
          "dropout": 0.2,
          "lr": 0.001,
          "epochs": 30,
          "batch_size": 64,
          "clip_norm": 0.1
        },
        "best_val_loss": 0.00036886443845878734,
        "is_default": false,
        "winner": false
      },
      {
        "config": {
          "window": 10,
          "hidden_size": 128,
          "embedding_dim": 8,
          "dropout": 0.3,
          "lr": 0.001,
          "epochs": 30,
          "batch_size": 64,
          "clip_norm": 0.1
        },
        "best_val_loss": 0.0003663260471938579,
        "is_default": false,
        "winner": true
      }
    ],
    "winner_config": {
      "window": 10,
      "hidden_size": 128,
      "embedding_dim": 8,
      "dropout": 0.3,
      "lr": 0.001,
      "epochs": 30,
      "batch_size": 64,
      "clip_norm": 0.1
    },
    "reason": "lowest validation MSE among all candidates (DEFAULT_CONFIG + HYPERPARAM_CONFIGS)"
  },
  "config_used": {
    "window": 10,
    "hidden_size": 128,
    "embedding_dim": 8,
    "dropout": 0.3,
    "lr": 0.001,
    "epochs": 30,
    "batch_size": 64,
    "clip_norm": 0.1
  },
  "final_models": {
    "lstm": {
      "train_loss": [
        0.0031135378102958417,
        0.0005292563455566141,
        0.0005258550989714364,
        0.000511435307341242,
        0.0005085524136959245,
        0.0005074539189855622,
        0.0005097010674594967,
        0.0005099223250015991,
        0.0005110752061797941,
        0.0005054319585693224,
        0.0005080502113839931,
        0.0005068370094203158,
        0.0005084278871298893,
        0.0005064639062391599,
        0.0005066947028114411,
        0.0005088683630811857,
        0.0005053108408477038,
        0.0005052804535516437,
        0.0005061501961172659,
        0.0005033386047253943,
        0.0004997060577453325,
        0.0005045758160838145,
        0.0005048618385396702,
        0.0005013515520894162,
        0.0005011649266070766,
        0.0005018893977359696,
        0.0005007991832318701,
        0.0004999004982721414,
        0.0005016493855723024,
        0.0005022055637016807
      ],
      "val_loss": [
        0.0003809337177087378,
        0.00039761161394556856,
        0.0003843691644664189,
        0.00037894600931598176,
        0.000372123803376545,
        0.0003748171274377064,
        0.00037598778222965414,
        0.0003741468667774017,
        0.0003718310972718187,
        0.000384510072287266,
        0.0003845797544703705,
        0.000377152539015372,
        0.000373028155542499,
        0.0003663260471938579,
        0.0003768156717337252,
        0.0003915367120964458,
        0.00037745937951034754,
        0.0003773054603740385,
        0.0003789613498102021,
        0.00038227092737823024,
        0.00037168683053586857,
        0.0003757315084109164,
        0.00037188255760218564,
        0.0003772667989487524,
        0.00038896998402767886,
        0.0003691033625703087,
        0.0003754867795741881,
        0.0003796142727953105,
        0.00037330382480412947,
        0.0003675097024765459
      ],
      "grad_norm_mean": [
        0.08218843871982742,
        0.020983468113917873,
        0.02085140912865871,
        0.0210856427098348,
        0.020781226870795227,
        0.020735485406941204,
        0.020405857277328156,
        0.020975199009219535,
        0.020725118787321327,
        0.01974747584044049,
        0.02023003387082045,
        0.020110443293980266,
        0.019648053236816027,
        0.018881133300375583,
        0.019908713006741924,
        0.01947514441281081,
        0.019302469084983412,
        0.018913079401877916,
        0.017966199434494182,
        0.01814215965186284,
        0.016670484344589794,
        0.01712552809313824,
        0.017036855376015108,
        0.016657977811481855,
        0.016217178299376682,
        0.015803557325188563,
        0.0155246623485566,
        0.014716515742820692,
        0.015600337213134929,
        0.015158297917188982
      ],
      "grad_norm_max": [
        0.646622896194458,
        0.05626682937145233,
        0.048857010900974274,
        0.05174100771546364,
        0.046334654092788696,
        0.05289143696427345,
        0.04739464074373245,
        0.04412442818284035,
        0.055466361343860626,
        0.04614133760333061,
        0.041482143104076385,
        0.058414872735738754,
        0.048316095024347305,
        0.0442061647772789,
        0.04174545034766197,
        0.04202951490879059,
        0.04303165525197983,
        0.04241976514458656,
        0.04277844727039337,
        0.03939344733953476,
        0.0317264087498188,
        0.045949552208185196,
        0.03556889668107033,
        0.04250543564558029,
        0.040572963654994965,
        0.048011742532253265,
        0.0370805598795414,
        0.031232554465532303,
        0.04968564584851265,
        0.032162390649318695
      ],
      "grad_clip_frac": [
        0.2146118721461187,
        0.0,
        0.0,
        0.0,
        0.0,
        0.0,
        0.0,
        0.0,
        0.0,
        0.0,
        0.0,
        0.0,
        0.0,
        0.0,
        0.0,
        0.0,
        0.0,
        0.0,
        0.0,
        0.0,
        0.0,
        0.0,
        0.0,
        0.0,
        0.0,
        0.0,
        0.0,
        0.0,
        0.0,
        0.0
      ],
      "best_val_loss": 0.0003663260471938579
    },
    "gru": {
      "train_loss": [
        0.007172835598650731,
        0.0005667177199114869,
        0.000535275416490803,
        0.0005194548150104656,
        0.0005193099035754655,
        0.0005124807040776112,
        0.0005143175290676913,
        0.0005160707735842268,
        0.0005149478905299333,
        0.0005098655094961088,
        0.00051349527722686,
        0.0005105200282698156,
        0.000512766060075729,
        0.0005110230507836325,
        0.0005092467515712319,
        0.0005105361787312466,
        0.0005109778765772279,
        0.0005093830306569404,
        0.0005068983417137545,
        0.0005068041748384299,
        0.0005030494697580596,
        0.0005084548140337874,
        0.0005085539867679506,
        0.0005060673473686304,
        0.00050617965691919,
        0.0005078527187178384,
        0.0005053582421964295,
        0.0005038013492361376,
        0.0005015633636403582,
        0.0005040223429456899
      ],
      "val_loss": [
        0.0004049199610302727,
        0.00041191182069147983,
        0.00037245125580694506,
        0.00038154898592802553,
        0.0003740760829310473,
        0.00037674172488783486,
        0.0003757745462354927,
        0.0003710330747212575,
        0.0003707504553538912,
        0.00037972851750270873,
        0.00037105624945910407,
        0.00037573309817791686,
        0.00036952023176166766,
        0.0003693192308354356,
        0.00037820055839422916,
        0.00038814312311007365,
        0.0003730990320135781,
        0.00036364185796861537,
        0.000371076234591597,
        0.00039515970774408563,
        0.0003674618188245476,
        0.00038132872813912897,
        0.0003687707134804813,
        0.0003793953215463559,
        0.00038710648281346213,
        0.00037367634467459575,
        0.00037120007753609465,
        0.0003796588020920703,
        0.0003782667345173875,
        0.0003810175779774881
      ],